Step,Action,Reasoning,Observation,Reward,Done
0,right,,"Active rules:
wall is stop
baba is you

Objects on the map:
wall 2 steps to the right and 3 step up
rule `is` 6 steps to the right and 3 step up
rule `win` 7 steps to the right and 3 step up
rule `wall` 2 step to the left and 2 step up
rule `is` 1 step to the left and 2 step up
rule `stop` 2 step up
wall 2 steps to the right and 2 step up
wall 2 steps to the right and 1 step up
door 6 steps to the right and 1 step up
wall 2 steps to the right
ball 5 steps to the right
wall 2 steps to the right and 1 step down
rule `key` 5 steps to the right and 1 step down
rule `door` 7 steps to the right and 1 step down
wall 2 steps to the right and 2 steps down
rule `baba` 3 step to the left and 3 steps down
rule `is` 2 step to the left and 3 steps down
rule `you` 1 step to the left and 3 steps down
wall 2 steps to the right and 3 steps down",0,False
1,left,,"Active rules:
wall is stop
baba is you

Objects on the map:
wall 3 steps to the right and 3 step up
rule `is` 7 steps to the right and 3 step up
rule `win` 8 steps to the right and 3 step up
rule `wall` 1 step to the left and 2 step up
rule `is` 2 step up
rule `stop` 1 step to the right and 2 step up
wall 3 steps to the right and 2 step up
wall 3 steps to the right and 1 step up
door 7 steps to the right and 1 step up
wall 3 steps to the right
ball 6 steps to the right
wall 3 steps to the right and 1 step down
rule `key` 6 steps to the right and 1 step down
rule `door` 8 steps to the right and 1 step down
wall 3 steps to the right and 2 steps down
rule `baba` 2 step to the left and 3 steps down
rule `is` 1 step to the left and 3 steps down
rule `you` 3 steps down
wall 3 steps to the right and 3 steps down",0,False
2,left,,"Active rules:
wall is stop
baba is you

Objects on the map:
wall 4 steps to the right and 3 step up
rule `is` 8 steps to the right and 3 step up
rule `win` 9 steps to the right and 3 step up
rule `wall` 2 step up
rule `is` 1 step to the right and 2 step up
rule `stop` 2 steps to the right and 2 step up
wall 4 steps to the right and 2 step up
wall 4 steps to the right and 1 step up
door 8 steps to the right and 1 step up
wall 4 steps to the right
ball 7 steps to the right
wall 4 steps to the right and 1 step down
rule `key` 7 steps to the right and 1 step down
rule `door` 9 steps to the right and 1 step down
wall 4 steps to the right and 2 steps down
rule `baba` 1 step to the left and 3 steps down
rule `is` 3 steps down
rule `you` 1 step to the right and 3 steps down
wall 4 steps to the right and 3 steps down",0,False
3,left,,"Active rules:
wall is stop
baba is you

Objects on the map:
wall 5 steps to the right and 3 step up
rule `is` 9 steps to the right and 3 step up
rule `win` 10 steps to the right and 3 step up
rule `wall` 1 step to the right and 2 step up
rule `is` 2 steps to the right and 2 step up
rule `stop` 3 steps to the right and 2 step up
wall 5 steps to the right and 2 step up
wall 5 steps to the right and 1 step up
door 9 steps to the right and 1 step up
wall 5 steps to the right
ball 8 steps to the right
wall 5 steps to the right and 1 step down
rule `key` 8 steps to the right and 1 step down
rule `door` 10 steps to the right and 1 step down
wall 5 steps to the right and 2 steps down
rule `baba` 3 steps down
rule `is` 1 step to the right and 3 steps down
rule `you` 2 steps to the right and 3 steps down
wall 5 steps to the right and 3 steps down",0,False
4,left,,"Active rules:
wall is stop
baba is you

Objects on the map:
wall 5 steps to the right and 3 step up
rule `is` 9 steps to the right and 3 step up
rule `win` 10 steps to the right and 3 step up
rule `wall` 1 step to the right and 2 step up
rule `is` 2 steps to the right and 2 step up
rule `stop` 3 steps to the right and 2 step up
wall 5 steps to the right and 2 step up
wall 5 steps to the right and 1 step up
door 9 steps to the right and 1 step up
wall 5 steps to the right
ball 8 steps to the right
wall 5 steps to the right and 1 step down
rule `key` 8 steps to the right and 1 step down
rule `door` 10 steps to the right and 1 step down
wall 5 steps to the right and 2 steps down
rule `baba` 3 steps down
rule `is` 1 step to the right and 3 steps down
rule `you` 2 steps to the right and 3 steps down
wall 5 steps to the right and 3 steps down",0,False
5,left,,"Active rules:
wall is stop
baba is you

Objects on the map:
wall 5 steps to the right and 3 step up
rule `is` 9 steps to the right and 3 step up
rule `win` 10 steps to the right and 3 step up
rule `wall` 1 step to the right and 2 step up
rule `is` 2 steps to the right and 2 step up
rule `stop` 3 steps to the right and 2 step up
wall 5 steps to the right and 2 step up
wall 5 steps to the right and 1 step up
door 9 steps to the right and 1 step up
wall 5 steps to the right
ball 8 steps to the right
wall 5 steps to the right and 1 step down
rule `key` 8 steps to the right and 1 step down
rule `door` 10 steps to the right and 1 step down
wall 5 steps to the right and 2 steps down
rule `baba` 3 steps down
rule `is` 1 step to the right and 3 steps down
rule `you` 2 steps to the right and 3 steps down
wall 5 steps to the right and 3 steps down",0,False
6,left,,"Active rules:
wall is stop
baba is you

Objects on the map:
wall 5 steps to the right and 3 step up
rule `is` 9 steps to the right and 3 step up
rule `win` 10 steps to the right and 3 step up
rule `wall` 1 step to the right and 2 step up
rule `is` 2 steps to the right and 2 step up
rule `stop` 3 steps to the right and 2 step up
wall 5 steps to the right and 2 step up
wall 5 steps to the right and 1 step up
door 9 steps to the right and 1 step up
wall 5 steps to the right
ball 8 steps to the right
wall 5 steps to the right and 1 step down
rule `key` 8 steps to the right and 1 step down
rule `door` 10 steps to the right and 1 step down
wall 5 steps to the right and 2 steps down
rule `baba` 3 steps down
rule `is` 1 step to the right and 3 steps down
rule `you` 2 steps to the right and 3 steps down
wall 5 steps to the right and 3 steps down",0,False
7,left,,"Active rules:
wall is stop
baba is you

Objects on the map:
wall 5 steps to the right and 3 step up
rule `is` 9 steps to the right and 3 step up
rule `win` 10 steps to the right and 3 step up
rule `wall` 1 step to the right and 2 step up
rule `is` 2 steps to the right and 2 step up
rule `stop` 3 steps to the right and 2 step up
wall 5 steps to the right and 2 step up
wall 5 steps to the right and 1 step up
door 9 steps to the right and 1 step up
wall 5 steps to the right
ball 8 steps to the right
wall 5 steps to the right and 1 step down
rule `key` 8 steps to the right and 1 step down
rule `door` 10 steps to the right and 1 step down
wall 5 steps to the right and 2 steps down
rule `baba` 3 steps down
rule `is` 1 step to the right and 3 steps down
rule `you` 2 steps to the right and 3 steps down
wall 5 steps to the right and 3 steps down",0,False
8,up,,"Active rules:
wall is stop
baba is you

Objects on the map:
wall 5 steps to the right and 2 step up
rule `is` 9 steps to the right and 2 step up
rule `win` 10 steps to the right and 2 step up
rule `wall` 1 step to the right and 1 step up
rule `is` 2 steps to the right and 1 step up
rule `stop` 3 steps to the right and 1 step up
wall 5 steps to the right and 1 step up
wall 5 steps to the right
door 9 steps to the right
wall 5 steps to the right and 1 step down
ball 8 steps to the right and 1 step down
wall 5 steps to the right and 2 steps down
rule `key` 8 steps to the right and 2 steps down
rule `door` 10 steps to the right and 2 steps down
wall 5 steps to the right and 3 steps down
rule `baba` 4 steps down
rule `is` 1 step to the right and 4 steps down
rule `you` 2 steps to the right and 4 steps down
wall 5 steps to the right and 4 steps down",0,False
9,up,,"Active rules:
wall is stop
baba is you

Objects on the map:
wall 5 steps to the right and 1 step up
rule `is` 9 steps to the right and 1 step up
rule `win` 10 steps to the right and 1 step up
rule `wall` 1 step to the right
rule `is` 2 steps to the right
rule `stop` 3 steps to the right
wall 5 steps to the right
wall 5 steps to the right and 1 step down
door 9 steps to the right and 1 step down
wall 5 steps to the right and 2 steps down
ball 8 steps to the right and 2 steps down
wall 5 steps to the right and 3 steps down
rule `key` 8 steps to the right and 3 steps down
rule `door` 10 steps to the right and 3 steps down
wall 5 steps to the right and 4 steps down
rule `baba` 5 steps down
rule `is` 1 step to the right and 5 steps down
rule `you` 2 steps to the right and 5 steps down
wall 5 steps to the right and 5 steps down",0,False
10,up,,"Active rules:
wall is stop
baba is you

Objects on the map:
wall 5 steps to the right
rule `is` 9 steps to the right
rule `win` 10 steps to the right
rule `wall` 1 step to the right and 1 step down
rule `is` 2 steps to the right and 1 step down
rule `stop` 3 steps to the right and 1 step down
wall 5 steps to the right and 1 step down
wall 5 steps to the right and 2 steps down
door 9 steps to the right and 2 steps down
wall 5 steps to the right and 3 steps down
ball 8 steps to the right and 3 steps down
wall 5 steps to the right and 4 steps down
rule `key` 8 steps to the right and 4 steps down
rule `door` 10 steps to the right and 4 steps down
wall 5 steps to the right and 5 steps down
rule `baba` 6 steps down
rule `is` 1 step to the right and 6 steps down
rule `you` 2 steps to the right and 6 steps down
wall 5 steps to the right and 6 steps down",0,False
11,up,,"Active rules:
wall is stop
baba is you

Objects on the map:
wall 5 steps to the right
rule `is` 9 steps to the right
rule `win` 10 steps to the right
rule `wall` 1 step to the right and 1 step down
rule `is` 2 steps to the right and 1 step down
rule `stop` 3 steps to the right and 1 step down
wall 5 steps to the right and 1 step down
wall 5 steps to the right and 2 steps down
door 9 steps to the right and 2 steps down
wall 5 steps to the right and 3 steps down
ball 8 steps to the right and 3 steps down
wall 5 steps to the right and 4 steps down
rule `key` 8 steps to the right and 4 steps down
rule `door` 10 steps to the right and 4 steps down
wall 5 steps to the right and 5 steps down
rule `baba` 6 steps down
rule `is` 1 step to the right and 6 steps down
rule `you` 2 steps to the right and 6 steps down
wall 5 steps to the right and 6 steps down",0,False
12,up,,"Active rules:
wall is stop
baba is you

Objects on the map:
wall 5 steps to the right
rule `is` 9 steps to the right
rule `win` 10 steps to the right
rule `wall` 1 step to the right and 1 step down
rule `is` 2 steps to the right and 1 step down
rule `stop` 3 steps to the right and 1 step down
wall 5 steps to the right and 1 step down
wall 5 steps to the right and 2 steps down
door 9 steps to the right and 2 steps down
wall 5 steps to the right and 3 steps down
ball 8 steps to the right and 3 steps down
wall 5 steps to the right and 4 steps down
rule `key` 8 steps to the right and 4 steps down
rule `door` 10 steps to the right and 4 steps down
wall 5 steps to the right and 5 steps down
rule `baba` 6 steps down
rule `is` 1 step to the right and 6 steps down
rule `you` 2 steps to the right and 6 steps down
wall 5 steps to the right and 6 steps down",0,False
13,up,,"Active rules:
wall is stop
baba is you

Objects on the map:
wall 5 steps to the right
rule `is` 9 steps to the right
rule `win` 10 steps to the right
rule `wall` 1 step to the right and 1 step down
rule `is` 2 steps to the right and 1 step down
rule `stop` 3 steps to the right and 1 step down
wall 5 steps to the right and 1 step down
wall 5 steps to the right and 2 steps down
door 9 steps to the right and 2 steps down
wall 5 steps to the right and 3 steps down
ball 8 steps to the right and 3 steps down
wall 5 steps to the right and 4 steps down
rule `key` 8 steps to the right and 4 steps down
rule `door` 10 steps to the right and 4 steps down
wall 5 steps to the right and 5 steps down
rule `baba` 6 steps down
rule `is` 1 step to the right and 6 steps down
rule `you` 2 steps to the right and 6 steps down
wall 5 steps to the right and 6 steps down",0,False
14,right,,"Active rules:
wall is stop
baba is you

Objects on the map:
wall 4 steps to the right
rule `is` 8 steps to the right
rule `win` 9 steps to the right
rule `wall` 1 step down
rule `is` 1 step to the right and 1 step down
rule `stop` 2 steps to the right and 1 step down
wall 4 steps to the right and 1 step down
wall 4 steps to the right and 2 steps down
door 8 steps to the right and 2 steps down
wall 4 steps to the right and 3 steps down
ball 7 steps to the right and 3 steps down
wall 4 steps to the right and 4 steps down
rule `key` 7 steps to the right and 4 steps down
rule `door` 9 steps to the right and 4 steps down
wall 4 steps to the right and 5 steps down
rule `baba` 1 step to the left and 6 steps down
rule `is` 6 steps down
rule `you` 1 step to the right and 6 steps down
wall 4 steps to the right and 6 steps down",0,False
15,right,,"Active rules:
wall is stop
baba is you

Objects on the map:
wall 3 steps to the right
rule `is` 7 steps to the right
rule `win` 8 steps to the right
rule `wall` 1 step to the left and 1 step down
rule `is` 1 step down
rule `stop` 1 step to the right and 1 step down
wall 3 steps to the right and 1 step down
wall 3 steps to the right and 2 steps down
door 7 steps to the right and 2 steps down
wall 3 steps to the right and 3 steps down
ball 6 steps to the right and 3 steps down
wall 3 steps to the right and 4 steps down
rule `key` 6 steps to the right and 4 steps down
rule `door` 8 steps to the right and 4 steps down
wall 3 steps to the right and 5 steps down
rule `baba` 2 step to the left and 6 steps down
rule `is` 1 step to the left and 6 steps down
rule `you` 6 steps down
wall 3 steps to the right and 6 steps down",0,False
16,right,,"Active rules:
wall is stop
baba is you

Objects on the map:
wall 2 steps to the right
rule `is` 6 steps to the right
rule `win` 7 steps to the right
rule `wall` 2 step to the left and 1 step down
rule `is` 1 step to the left and 1 step down
rule `stop` 1 step down
wall 2 steps to the right and 1 step down
wall 2 steps to the right and 2 steps down
door 6 steps to the right and 2 steps down
wall 2 steps to the right and 3 steps down
ball 5 steps to the right and 3 steps down
wall 2 steps to the right and 4 steps down
rule `key` 5 steps to the right and 4 steps down
rule `door` 7 steps to the right and 4 steps down
wall 2 steps to the right and 5 steps down
rule `baba` 3 step to the left and 6 steps down
rule `is` 2 step to the left and 6 steps down
rule `you` 1 step to the left and 6 steps down
wall 2 steps to the right and 6 steps down",0,False
17,right,,"Active rules:
wall is stop
baba is you

Objects on the map:
wall 1 step to the right
rule `is` 5 steps to the right
rule `win` 6 steps to the right
rule `wall` 3 step to the left and 1 step down
rule `is` 2 step to the left and 1 step down
rule `stop` 1 step to the left and 1 step down
wall 1 step to the right and 1 step down
wall 1 step to the right and 2 steps down
door 5 steps to the right and 2 steps down
wall 1 step to the right and 3 steps down
ball 4 steps to the right and 3 steps down
wall 1 step to the right and 4 steps down
rule `key` 4 steps to the right and 4 steps down
rule `door` 6 steps to the right and 4 steps down
wall 1 step to the right and 5 steps down
rule `baba` 4 step to the left and 6 steps down
rule `is` 3 step to the left and 6 steps down
rule `you` 2 step to the left and 6 steps down
wall 1 step to the right and 6 steps down",0,False
18,right,,"Active rules:
wall is stop
baba is you

Objects on the map:
wall 1 step to the right
rule `is` 5 steps to the right
rule `win` 6 steps to the right
rule `wall` 3 step to the left and 1 step down
rule `is` 2 step to the left and 1 step down
rule `stop` 1 step to the left and 1 step down
wall 1 step to the right and 1 step down
wall 1 step to the right and 2 steps down
door 5 steps to the right and 2 steps down
wall 1 step to the right and 3 steps down
ball 4 steps to the right and 3 steps down
wall 1 step to the right and 4 steps down
rule `key` 4 steps to the right and 4 steps down
rule `door` 6 steps to the right and 4 steps down
wall 1 step to the right and 5 steps down
rule `baba` 4 step to the left and 6 steps down
rule `is` 3 step to the left and 6 steps down
rule `you` 2 step to the left and 6 steps down
wall 1 step to the right and 6 steps down",0,False
19,right,,"Active rules:
wall is stop
baba is you

Objects on the map:
wall 1 step to the right
rule `is` 5 steps to the right
rule `win` 6 steps to the right
rule `wall` 3 step to the left and 1 step down
rule `is` 2 step to the left and 1 step down
rule `stop` 1 step to the left and 1 step down
wall 1 step to the right and 1 step down
wall 1 step to the right and 2 steps down
door 5 steps to the right and 2 steps down
wall 1 step to the right and 3 steps down
ball 4 steps to the right and 3 steps down
wall 1 step to the right and 4 steps down
rule `key` 4 steps to the right and 4 steps down
rule `door` 6 steps to the right and 4 steps down
wall 1 step to the right and 5 steps down
rule `baba` 4 step to the left and 6 steps down
rule `is` 3 step to the left and 6 steps down
rule `you` 2 step to the left and 6 steps down
wall 1 step to the right and 6 steps down",0,False
20,right,,"Active rules:
wall is stop
baba is you

Objects on the map:
wall 1 step to the right
rule `is` 5 steps to the right
rule `win` 6 steps to the right
rule `wall` 3 step to the left and 1 step down
rule `is` 2 step to the left and 1 step down
rule `stop` 1 step to the left and 1 step down
wall 1 step to the right and 1 step down
wall 1 step to the right and 2 steps down
door 5 steps to the right and 2 steps down
wall 1 step to the right and 3 steps down
ball 4 steps to the right and 3 steps down
wall 1 step to the right and 4 steps down
rule `key` 4 steps to the right and 4 steps down
rule `door` 6 steps to the right and 4 steps down
wall 1 step to the right and 5 steps down
rule `baba` 4 step to the left and 6 steps down
rule `is` 3 step to the left and 6 steps down
rule `you` 2 step to the left and 6 steps down
wall 1 step to the right and 6 steps down",0,False
21,right,,"Active rules:
wall is stop
baba is you

Objects on the map:
wall 1 step to the right
rule `is` 5 steps to the right
rule `win` 6 steps to the right
rule `wall` 3 step to the left and 1 step down
rule `is` 2 step to the left and 1 step down
rule `stop` 1 step to the left and 1 step down
wall 1 step to the right and 1 step down
wall 1 step to the right and 2 steps down
door 5 steps to the right and 2 steps down
wall 1 step to the right and 3 steps down
ball 4 steps to the right and 3 steps down
wall 1 step to the right and 4 steps down
rule `key` 4 steps to the right and 4 steps down
rule `door` 6 steps to the right and 4 steps down
wall 1 step to the right and 5 steps down
rule `baba` 4 step to the left and 6 steps down
rule `is` 3 step to the left and 6 steps down
rule `you` 2 step to the left and 6 steps down
wall 1 step to the right and 6 steps down",0,False
22,right,,"Active rules:
wall is stop
baba is you

Objects on the map:
wall 1 step to the right
rule `is` 5 steps to the right
rule `win` 6 steps to the right
rule `wall` 3 step to the left and 1 step down
rule `is` 2 step to the left and 1 step down
rule `stop` 1 step to the left and 1 step down
wall 1 step to the right and 1 step down
wall 1 step to the right and 2 steps down
door 5 steps to the right and 2 steps down
wall 1 step to the right and 3 steps down
ball 4 steps to the right and 3 steps down
wall 1 step to the right and 4 steps down
rule `key` 4 steps to the right and 4 steps down
rule `door` 6 steps to the right and 4 steps down
wall 1 step to the right and 5 steps down
rule `baba` 4 step to the left and 6 steps down
rule `is` 3 step to the left and 6 steps down
rule `you` 2 step to the left and 6 steps down
wall 1 step to the right and 6 steps down",0,False
23,right,,"Active rules:
wall is stop
baba is you

Objects on the map:
wall 1 step to the right
rule `is` 5 steps to the right
rule `win` 6 steps to the right
rule `wall` 3 step to the left and 1 step down
rule `is` 2 step to the left and 1 step down
rule `stop` 1 step to the left and 1 step down
wall 1 step to the right and 1 step down
wall 1 step to the right and 2 steps down
door 5 steps to the right and 2 steps down
wall 1 step to the right and 3 steps down
ball 4 steps to the right and 3 steps down
wall 1 step to the right and 4 steps down
rule `key` 4 steps to the right and 4 steps down
rule `door` 6 steps to the right and 4 steps down
wall 1 step to the right and 5 steps down
rule `baba` 4 step to the left and 6 steps down
rule `is` 3 step to the left and 6 steps down
rule `you` 2 step to the left and 6 steps down
wall 1 step to the right and 6 steps down",0,False
24,right,,"Active rules:
wall is stop
baba is you

Objects on the map:
wall 1 step to the right
rule `is` 5 steps to the right
rule `win` 6 steps to the right
rule `wall` 3 step to the left and 1 step down
rule `is` 2 step to the left and 1 step down
rule `stop` 1 step to the left and 1 step down
wall 1 step to the right and 1 step down
wall 1 step to the right and 2 steps down
door 5 steps to the right and 2 steps down
wall 1 step to the right and 3 steps down
ball 4 steps to the right and 3 steps down
wall 1 step to the right and 4 steps down
rule `key` 4 steps to the right and 4 steps down
rule `door` 6 steps to the right and 4 steps down
wall 1 step to the right and 5 steps down
rule `baba` 4 step to the left and 6 steps down
rule `is` 3 step to the left and 6 steps down
rule `you` 2 step to the left and 6 steps down
wall 1 step to the right and 6 steps down",0,False
25,down,,"Active rules:
wall is stop
baba is you

Objects on the map:
wall 1 step to the right and 1 step up
rule `is` 5 steps to the right and 1 step up
rule `win` 6 steps to the right and 1 step up
rule `wall` 3 step to the left
rule `is` 2 step to the left
rule `stop` 1 step to the left
wall 1 step to the right
wall 1 step to the right and 1 step down
door 5 steps to the right and 1 step down
wall 1 step to the right and 2 steps down
ball 4 steps to the right and 2 steps down
wall 1 step to the right and 3 steps down
rule `key` 4 steps to the right and 3 steps down
rule `door` 6 steps to the right and 3 steps down
wall 1 step to the right and 4 steps down
rule `baba` 4 step to the left and 5 steps down
rule `is` 3 step to the left and 5 steps down
rule `you` 2 step to the left and 5 steps down
wall 1 step to the right and 5 steps down",0,False
26,left,,"Active rules:
wall is stop
baba is you

Objects on the map:
wall 2 steps to the right and 1 step up
rule `is` 6 steps to the right and 1 step up
rule `win` 7 steps to the right and 1 step up
rule `wall` 3 step to the left
rule `is` 2 step to the left
rule `stop` 1 step to the left
wall 2 steps to the right
wall 2 steps to the right and 1 step down
door 6 steps to the right and 1 step down
wall 2 steps to the right and 2 steps down
ball 5 steps to the right and 2 steps down
wall 2 steps to the right and 3 steps down
rule `key` 5 steps to the right and 3 steps down
rule `door` 7 steps to the right and 3 steps down
wall 2 steps to the right and 4 steps down
rule `baba` 3 step to the left and 5 steps down
rule `is` 2 step to the left and 5 steps down
rule `you` 1 step to the left and 5 steps down
wall 2 steps to the right and 5 steps down",0,False
27,left,,"Active rules:
wall is stop
baba is you

Objects on the map:
wall 2 steps to the right and 1 step up
rule `is` 6 steps to the right and 1 step up
rule `win` 7 steps to the right and 1 step up
rule `wall` 3 step to the left
rule `is` 2 step to the left
rule `stop` 1 step to the left
wall 2 steps to the right
wall 2 steps to the right and 1 step down
door 6 steps to the right and 1 step down
wall 2 steps to the right and 2 steps down
ball 5 steps to the right and 2 steps down
wall 2 steps to the right and 3 steps down
rule `key` 5 steps to the right and 3 steps down
rule `door` 7 steps to the right and 3 steps down
wall 2 steps to the right and 4 steps down
rule `baba` 3 step to the left and 5 steps down
rule `is` 2 step to the left and 5 steps down
rule `you` 1 step to the left and 5 steps down
wall 2 steps to the right and 5 steps down",0,False
28,left,,"Active rules:
wall is stop
baba is you

Objects on the map:
wall 2 steps to the right and 1 step up
rule `is` 6 steps to the right and 1 step up
rule `win` 7 steps to the right and 1 step up
rule `wall` 3 step to the left
rule `is` 2 step to the left
rule `stop` 1 step to the left
wall 2 steps to the right
wall 2 steps to the right and 1 step down
door 6 steps to the right and 1 step down
wall 2 steps to the right and 2 steps down
ball 5 steps to the right and 2 steps down
wall 2 steps to the right and 3 steps down
rule `key` 5 steps to the right and 3 steps down
rule `door` 7 steps to the right and 3 steps down
wall 2 steps to the right and 4 steps down
rule `baba` 3 step to the left and 5 steps down
rule `is` 2 step to the left and 5 steps down
rule `you` 1 step to the left and 5 steps down
wall 2 steps to the right and 5 steps down",0,False
29,left,,"Active rules:
wall is stop
baba is you

Objects on the map:
wall 2 steps to the right and 1 step up
rule `is` 6 steps to the right and 1 step up
rule `win` 7 steps to the right and 1 step up
rule `wall` 3 step to the left
rule `is` 2 step to the left
rule `stop` 1 step to the left
wall 2 steps to the right
wall 2 steps to the right and 1 step down
door 6 steps to the right and 1 step down
wall 2 steps to the right and 2 steps down
ball 5 steps to the right and 2 steps down
wall 2 steps to the right and 3 steps down
rule `key` 5 steps to the right and 3 steps down
rule `door` 7 steps to the right and 3 steps down
wall 2 steps to the right and 4 steps down
rule `baba` 3 step to the left and 5 steps down
rule `is` 2 step to the left and 5 steps down
rule `you` 1 step to the left and 5 steps down
wall 2 steps to the right and 5 steps down",0,False
30,left,,"Active rules:
wall is stop
baba is you

Objects on the map:
wall 2 steps to the right and 1 step up
rule `is` 6 steps to the right and 1 step up
rule `win` 7 steps to the right and 1 step up
rule `wall` 3 step to the left
rule `is` 2 step to the left
rule `stop` 1 step to the left
wall 2 steps to the right
wall 2 steps to the right and 1 step down
door 6 steps to the right and 1 step down
wall 2 steps to the right and 2 steps down
ball 5 steps to the right and 2 steps down
wall 2 steps to the right and 3 steps down
rule `key` 5 steps to the right and 3 steps down
rule `door` 7 steps to the right and 3 steps down
wall 2 steps to the right and 4 steps down
rule `baba` 3 step to the left and 5 steps down
rule `is` 2 step to the left and 5 steps down
rule `you` 1 step to the left and 5 steps down
wall 2 steps to the right and 5 steps down",0,False
31,left,,"Active rules:
wall is stop
baba is you

Objects on the map:
wall 2 steps to the right and 1 step up
rule `is` 6 steps to the right and 1 step up
rule `win` 7 steps to the right and 1 step up
rule `wall` 3 step to the left
rule `is` 2 step to the left
rule `stop` 1 step to the left
wall 2 steps to the right
wall 2 steps to the right and 1 step down
door 6 steps to the right and 1 step down
wall 2 steps to the right and 2 steps down
ball 5 steps to the right and 2 steps down
wall 2 steps to the right and 3 steps down
rule `key` 5 steps to the right and 3 steps down
rule `door` 7 steps to the right and 3 steps down
wall 2 steps to the right and 4 steps down
rule `baba` 3 step to the left and 5 steps down
rule `is` 2 step to the left and 5 steps down
rule `you` 1 step to the left and 5 steps down
wall 2 steps to the right and 5 steps down",0,False
32,left,,"Active rules:
wall is stop
baba is you

Objects on the map:
wall 2 steps to the right and 1 step up
rule `is` 6 steps to the right and 1 step up
rule `win` 7 steps to the right and 1 step up
rule `wall` 3 step to the left
rule `is` 2 step to the left
rule `stop` 1 step to the left
wall 2 steps to the right
wall 2 steps to the right and 1 step down
door 6 steps to the right and 1 step down
wall 2 steps to the right and 2 steps down
ball 5 steps to the right and 2 steps down
wall 2 steps to the right and 3 steps down
rule `key` 5 steps to the right and 3 steps down
rule `door` 7 steps to the right and 3 steps down
wall 2 steps to the right and 4 steps down
rule `baba` 3 step to the left and 5 steps down
rule `is` 2 step to the left and 5 steps down
rule `you` 1 step to the left and 5 steps down
wall 2 steps to the right and 5 steps down",0,False
33,left,,"Active rules:
wall is stop
baba is you

Objects on the map:
wall 2 steps to the right and 1 step up
rule `is` 6 steps to the right and 1 step up
rule `win` 7 steps to the right and 1 step up
rule `wall` 3 step to the left
rule `is` 2 step to the left
rule `stop` 1 step to the left
wall 2 steps to the right
wall 2 steps to the right and 1 step down
door 6 steps to the right and 1 step down
wall 2 steps to the right and 2 steps down
ball 5 steps to the right and 2 steps down
wall 2 steps to the right and 3 steps down
rule `key` 5 steps to the right and 3 steps down
rule `door` 7 steps to the right and 3 steps down
wall 2 steps to the right and 4 steps down
rule `baba` 3 step to the left and 5 steps down
rule `is` 2 step to the left and 5 steps down
rule `you` 1 step to the left and 5 steps down
wall 2 steps to the right and 5 steps down",0,False
34,left,,"Active rules:
wall is stop
baba is you

Objects on the map:
wall 2 steps to the right and 1 step up
rule `is` 6 steps to the right and 1 step up
rule `win` 7 steps to the right and 1 step up
rule `wall` 3 step to the left
rule `is` 2 step to the left
rule `stop` 1 step to the left
wall 2 steps to the right
wall 2 steps to the right and 1 step down
door 6 steps to the right and 1 step down
wall 2 steps to the right and 2 steps down
ball 5 steps to the right and 2 steps down
wall 2 steps to the right and 3 steps down
rule `key` 5 steps to the right and 3 steps down
rule `door` 7 steps to the right and 3 steps down
wall 2 steps to the right and 4 steps down
rule `baba` 3 step to the left and 5 steps down
rule `is` 2 step to the left and 5 steps down
rule `you` 1 step to the left and 5 steps down
wall 2 steps to the right and 5 steps down",0,False
35,left,,"Active rules:
wall is stop
baba is you

Objects on the map:
wall 2 steps to the right and 1 step up
rule `is` 6 steps to the right and 1 step up
rule `win` 7 steps to the right and 1 step up
rule `wall` 3 step to the left
rule `is` 2 step to the left
rule `stop` 1 step to the left
wall 2 steps to the right
wall 2 steps to the right and 1 step down
door 6 steps to the right and 1 step down
wall 2 steps to the right and 2 steps down
ball 5 steps to the right and 2 steps down
wall 2 steps to the right and 3 steps down
rule `key` 5 steps to the right and 3 steps down
rule `door` 7 steps to the right and 3 steps down
wall 2 steps to the right and 4 steps down
rule `baba` 3 step to the left and 5 steps down
rule `is` 2 step to the left and 5 steps down
rule `you` 1 step to the left and 5 steps down
wall 2 steps to the right and 5 steps down",0,False
36,left,,"Active rules:
wall is stop
baba is you

Objects on the map:
wall 2 steps to the right and 1 step up
rule `is` 6 steps to the right and 1 step up
rule `win` 7 steps to the right and 1 step up
rule `wall` 3 step to the left
rule `is` 2 step to the left
rule `stop` 1 step to the left
wall 2 steps to the right
wall 2 steps to the right and 1 step down
door 6 steps to the right and 1 step down
wall 2 steps to the right and 2 steps down
ball 5 steps to the right and 2 steps down
wall 2 steps to the right and 3 steps down
rule `key` 5 steps to the right and 3 steps down
rule `door` 7 steps to the right and 3 steps down
wall 2 steps to the right and 4 steps down
rule `baba` 3 step to the left and 5 steps down
rule `is` 2 step to the left and 5 steps down
rule `you` 1 step to the left and 5 steps down
wall 2 steps to the right and 5 steps down",0,False
37,left,,"Active rules:
wall is stop
baba is you

Objects on the map:
wall 2 steps to the right and 1 step up
rule `is` 6 steps to the right and 1 step up
rule `win` 7 steps to the right and 1 step up
rule `wall` 3 step to the left
rule `is` 2 step to the left
rule `stop` 1 step to the left
wall 2 steps to the right
wall 2 steps to the right and 1 step down
door 6 steps to the right and 1 step down
wall 2 steps to the right and 2 steps down
ball 5 steps to the right and 2 steps down
wall 2 steps to the right and 3 steps down
rule `key` 5 steps to the right and 3 steps down
rule `door` 7 steps to the right and 3 steps down
wall 2 steps to the right and 4 steps down
rule `baba` 3 step to the left and 5 steps down
rule `is` 2 step to the left and 5 steps down
rule `you` 1 step to the left and 5 steps down
wall 2 steps to the right and 5 steps down",0,False
38,left,,"Active rules:
wall is stop
baba is you

Objects on the map:
wall 2 steps to the right and 1 step up
rule `is` 6 steps to the right and 1 step up
rule `win` 7 steps to the right and 1 step up
rule `wall` 3 step to the left
rule `is` 2 step to the left
rule `stop` 1 step to the left
wall 2 steps to the right
wall 2 steps to the right and 1 step down
door 6 steps to the right and 1 step down
wall 2 steps to the right and 2 steps down
ball 5 steps to the right and 2 steps down
wall 2 steps to the right and 3 steps down
rule `key` 5 steps to the right and 3 steps down
rule `door` 7 steps to the right and 3 steps down
wall 2 steps to the right and 4 steps down
rule `baba` 3 step to the left and 5 steps down
rule `is` 2 step to the left and 5 steps down
rule `you` 1 step to the left and 5 steps down
wall 2 steps to the right and 5 steps down",0,False
39,down,,"Active rules:
wall is stop
baba is you

Objects on the map:
wall 2 steps to the right and 2 step up
rule `is` 6 steps to the right and 2 step up
rule `win` 7 steps to the right and 2 step up
rule `wall` 3 step to the left and 1 step up
rule `is` 2 step to the left and 1 step up
rule `stop` 1 step to the left and 1 step up
wall 2 steps to the right and 1 step up
wall 2 steps to the right
door 6 steps to the right
wall 2 steps to the right and 1 step down
ball 5 steps to the right and 1 step down
wall 2 steps to the right and 2 steps down
rule `key` 5 steps to the right and 2 steps down
rule `door` 7 steps to the right and 2 steps down
wall 2 steps to the right and 3 steps down
rule `baba` 3 step to the left and 4 steps down
rule `is` 2 step to the left and 4 steps down
rule `you` 1 step to the left and 4 steps down
wall 2 steps to the right and 4 steps down",0,False
40,left,,"Active rules:
wall is stop
baba is you

Objects on the map:
wall 3 steps to the right and 2 step up
rule `is` 7 steps to the right and 2 step up
rule `win` 8 steps to the right and 2 step up
rule `wall` 2 step to the left and 1 step up
rule `is` 1 step to the left and 1 step up
rule `stop` 1 step up
wall 3 steps to the right and 1 step up
wall 3 steps to the right
door 7 steps to the right
wall 3 steps to the right and 1 step down
ball 6 steps to the right and 1 step down
wall 3 steps to the right and 2 steps down
rule `key` 6 steps to the right and 2 steps down
rule `door` 8 steps to the right and 2 steps down
wall 3 steps to the right and 3 steps down
rule `baba` 2 step to the left and 4 steps down
rule `is` 1 step to the left and 4 steps down
rule `you` 4 steps down
wall 3 steps to the right and 4 steps down",0,False
41,left,,"Active rules:
wall is stop
baba is you

Objects on the map:
wall 4 steps to the right and 2 step up
rule `is` 8 steps to the right and 2 step up
rule `win` 9 steps to the right and 2 step up
rule `wall` 1 step to the left and 1 step up
rule `is` 1 step up
rule `stop` 1 step to the right and 1 step up
wall 4 steps to the right and 1 step up
wall 4 steps to the right
door 8 steps to the right
wall 4 steps to the right and 1 step down
ball 7 steps to the right and 1 step down
wall 4 steps to the right and 2 steps down
rule `key` 7 steps to the right and 2 steps down
rule `door` 9 steps to the right and 2 steps down
wall 4 steps to the right and 3 steps down
rule `baba` 1 step to the left and 4 steps down
rule `is` 4 steps down
rule `you` 1 step to the right and 4 steps down
wall 4 steps to the right and 4 steps down",0,False
42,left,,"Active rules:
wall is stop
baba is you

Objects on the map:
wall 5 steps to the right and 2 step up
rule `is` 9 steps to the right and 2 step up
rule `win` 10 steps to the right and 2 step up
rule `wall` 1 step up
rule `is` 1 step to the right and 1 step up
rule `stop` 2 steps to the right and 1 step up
wall 5 steps to the right and 1 step up
wall 5 steps to the right
door 9 steps to the right
wall 5 steps to the right and 1 step down
ball 8 steps to the right and 1 step down
wall 5 steps to the right and 2 steps down
rule `key` 8 steps to the right and 2 steps down
rule `door` 10 steps to the right and 2 steps down
wall 5 steps to the right and 3 steps down
rule `baba` 4 steps down
rule `is` 1 step to the right and 4 steps down
rule `you` 2 steps to the right and 4 steps down
wall 5 steps to the right and 4 steps down",0,False
43,left,,"Active rules:
wall is stop
baba is you

Objects on the map:
wall 5 steps to the right and 2 step up
rule `is` 9 steps to the right and 2 step up
rule `win` 10 steps to the right and 2 step up
rule `wall` 1 step up
rule `is` 1 step to the right and 1 step up
rule `stop` 2 steps to the right and 1 step up
wall 5 steps to the right and 1 step up
wall 5 steps to the right
door 9 steps to the right
wall 5 steps to the right and 1 step down
ball 8 steps to the right and 1 step down
wall 5 steps to the right and 2 steps down
rule `key` 8 steps to the right and 2 steps down
rule `door` 10 steps to the right and 2 steps down
wall 5 steps to the right and 3 steps down
rule `baba` 4 steps down
rule `is` 1 step to the right and 4 steps down
rule `you` 2 steps to the right and 4 steps down
wall 5 steps to the right and 4 steps down",0,False
44,left,,"Active rules:
wall is stop
baba is you

Objects on the map:
wall 5 steps to the right and 2 step up
rule `is` 9 steps to the right and 2 step up
rule `win` 10 steps to the right and 2 step up
rule `wall` 1 step up
rule `is` 1 step to the right and 1 step up
rule `stop` 2 steps to the right and 1 step up
wall 5 steps to the right and 1 step up
wall 5 steps to the right
door 9 steps to the right
wall 5 steps to the right and 1 step down
ball 8 steps to the right and 1 step down
wall 5 steps to the right and 2 steps down
rule `key` 8 steps to the right and 2 steps down
rule `door` 10 steps to the right and 2 steps down
wall 5 steps to the right and 3 steps down
rule `baba` 4 steps down
rule `is` 1 step to the right and 4 steps down
rule `you` 2 steps to the right and 4 steps down
wall 5 steps to the right and 4 steps down",0,False
45,left,,"Active rules:
wall is stop
baba is you

Objects on the map:
wall 5 steps to the right and 2 step up
rule `is` 9 steps to the right and 2 step up
rule `win` 10 steps to the right and 2 step up
rule `wall` 1 step up
rule `is` 1 step to the right and 1 step up
rule `stop` 2 steps to the right and 1 step up
wall 5 steps to the right and 1 step up
wall 5 steps to the right
door 9 steps to the right
wall 5 steps to the right and 1 step down
ball 8 steps to the right and 1 step down
wall 5 steps to the right and 2 steps down
rule `key` 8 steps to the right and 2 steps down
rule `door` 10 steps to the right and 2 steps down
wall 5 steps to the right and 3 steps down
rule `baba` 4 steps down
rule `is` 1 step to the right and 4 steps down
rule `you` 2 steps to the right and 4 steps down
wall 5 steps to the right and 4 steps down",0,False
46,left,,"Active rules:
wall is stop
baba is you

Objects on the map:
wall 5 steps to the right and 2 step up
rule `is` 9 steps to the right and 2 step up
rule `win` 10 steps to the right and 2 step up
rule `wall` 1 step up
rule `is` 1 step to the right and 1 step up
rule `stop` 2 steps to the right and 1 step up
wall 5 steps to the right and 1 step up
wall 5 steps to the right
door 9 steps to the right
wall 5 steps to the right and 1 step down
ball 8 steps to the right and 1 step down
wall 5 steps to the right and 2 steps down
rule `key` 8 steps to the right and 2 steps down
rule `door` 10 steps to the right and 2 steps down
wall 5 steps to the right and 3 steps down
rule `baba` 4 steps down
rule `is` 1 step to the right and 4 steps down
rule `you` 2 steps to the right and 4 steps down
wall 5 steps to the right and 4 steps down",0,False
47,up,,"Active rules:
baba is you

Objects on the map:
rule `wall` 1 step up
wall 5 steps to the right and 1 step up
rule `is` 9 steps to the right and 1 step up
rule `win` 10 steps to the right and 1 step up
rule `is` 1 step to the right
rule `stop` 2 steps to the right
wall 5 steps to the right
wall 5 steps to the right and 1 step down
door 9 steps to the right and 1 step down
wall 5 steps to the right and 2 steps down
ball 8 steps to the right and 2 steps down
wall 5 steps to the right and 3 steps down
rule `key` 8 steps to the right and 3 steps down
rule `door` 10 steps to the right and 3 steps down
wall 5 steps to the right and 4 steps down
rule `baba` 5 steps down
rule `is` 1 step to the right and 5 steps down
rule `you` 2 steps to the right and 5 steps down
wall 5 steps to the right and 5 steps down",0,False
48,up,,"Active rules:
baba is you

Objects on the map:
rule `wall` 1 step up
wall 5 steps to the right and 1 step up
rule `is` 9 steps to the right and 1 step up
rule `win` 10 steps to the right and 1 step up
rule `is` 1 step to the right
rule `stop` 2 steps to the right
wall 5 steps to the right
wall 5 steps to the right and 1 step down
door 9 steps to the right and 1 step down
wall 5 steps to the right and 2 steps down
ball 8 steps to the right and 2 steps down
wall 5 steps to the right and 3 steps down
rule `key` 8 steps to the right and 3 steps down
rule `door` 10 steps to the right and 3 steps down
wall 5 steps to the right and 4 steps down
rule `baba` 5 steps down
rule `is` 1 step to the right and 5 steps down
rule `you` 2 steps to the right and 5 steps down
wall 5 steps to the right and 5 steps down",0,False
49,up,,"Active rules:
baba is you

Objects on the map:
rule `wall` 1 step up
wall 5 steps to the right and 1 step up
rule `is` 9 steps to the right and 1 step up
rule `win` 10 steps to the right and 1 step up
rule `is` 1 step to the right
rule `stop` 2 steps to the right
wall 5 steps to the right
wall 5 steps to the right and 1 step down
door 9 steps to the right and 1 step down
wall 5 steps to the right and 2 steps down
ball 8 steps to the right and 2 steps down
wall 5 steps to the right and 3 steps down
rule `key` 8 steps to the right and 3 steps down
rule `door` 10 steps to the right and 3 steps down
wall 5 steps to the right and 4 steps down
rule `baba` 5 steps down
rule `is` 1 step to the right and 5 steps down
rule `you` 2 steps to the right and 5 steps down
wall 5 steps to the right and 5 steps down",0,False
50,up,,"Active rules:
baba is you

Objects on the map:
rule `wall` 1 step up
wall 5 steps to the right and 1 step up
rule `is` 9 steps to the right and 1 step up
rule `win` 10 steps to the right and 1 step up
rule `is` 1 step to the right
rule `stop` 2 steps to the right
wall 5 steps to the right
wall 5 steps to the right and 1 step down
door 9 steps to the right and 1 step down
wall 5 steps to the right and 2 steps down
ball 8 steps to the right and 2 steps down
wall 5 steps to the right and 3 steps down
rule `key` 8 steps to the right and 3 steps down
rule `door` 10 steps to the right and 3 steps down
wall 5 steps to the right and 4 steps down
rule `baba` 5 steps down
rule `is` 1 step to the right and 5 steps down
rule `you` 2 steps to the right and 5 steps down
wall 5 steps to the right and 5 steps down",0,False
51,up,,"Active rules:
baba is you

Objects on the map:
rule `wall` 1 step up
wall 5 steps to the right and 1 step up
rule `is` 9 steps to the right and 1 step up
rule `win` 10 steps to the right and 1 step up
rule `is` 1 step to the right
rule `stop` 2 steps to the right
wall 5 steps to the right
wall 5 steps to the right and 1 step down
door 9 steps to the right and 1 step down
wall 5 steps to the right and 2 steps down
ball 8 steps to the right and 2 steps down
wall 5 steps to the right and 3 steps down
rule `key` 8 steps to the right and 3 steps down
rule `door` 10 steps to the right and 3 steps down
wall 5 steps to the right and 4 steps down
rule `baba` 5 steps down
rule `is` 1 step to the right and 5 steps down
rule `you` 2 steps to the right and 5 steps down
wall 5 steps to the right and 5 steps down",0,False
52,up,,"Active rules:
baba is you

Objects on the map:
rule `wall` 1 step up
wall 5 steps to the right and 1 step up
rule `is` 9 steps to the right and 1 step up
rule `win` 10 steps to the right and 1 step up
rule `is` 1 step to the right
rule `stop` 2 steps to the right
wall 5 steps to the right
wall 5 steps to the right and 1 step down
door 9 steps to the right and 1 step down
wall 5 steps to the right and 2 steps down
ball 8 steps to the right and 2 steps down
wall 5 steps to the right and 3 steps down
rule `key` 8 steps to the right and 3 steps down
rule `door` 10 steps to the right and 3 steps down
wall 5 steps to the right and 4 steps down
rule `baba` 5 steps down
rule `is` 1 step to the right and 5 steps down
rule `you` 2 steps to the right and 5 steps down
wall 5 steps to the right and 5 steps down",0,False
53,up,,"Active rules:
baba is you

Objects on the map:
rule `wall` 1 step up
wall 5 steps to the right and 1 step up
rule `is` 9 steps to the right and 1 step up
rule `win` 10 steps to the right and 1 step up
rule `is` 1 step to the right
rule `stop` 2 steps to the right
wall 5 steps to the right
wall 5 steps to the right and 1 step down
door 9 steps to the right and 1 step down
wall 5 steps to the right and 2 steps down
ball 8 steps to the right and 2 steps down
wall 5 steps to the right and 3 steps down
rule `key` 8 steps to the right and 3 steps down
rule `door` 10 steps to the right and 3 steps down
wall 5 steps to the right and 4 steps down
rule `baba` 5 steps down
rule `is` 1 step to the right and 5 steps down
rule `you` 2 steps to the right and 5 steps down
wall 5 steps to the right and 5 steps down",0,False
54,up,,"Active rules:
baba is you

Objects on the map:
rule `wall` 1 step up
wall 5 steps to the right and 1 step up
rule `is` 9 steps to the right and 1 step up
rule `win` 10 steps to the right and 1 step up
rule `is` 1 step to the right
rule `stop` 2 steps to the right
wall 5 steps to the right
wall 5 steps to the right and 1 step down
door 9 steps to the right and 1 step down
wall 5 steps to the right and 2 steps down
ball 8 steps to the right and 2 steps down
wall 5 steps to the right and 3 steps down
rule `key` 8 steps to the right and 3 steps down
rule `door` 10 steps to the right and 3 steps down
wall 5 steps to the right and 4 steps down
rule `baba` 5 steps down
rule `is` 1 step to the right and 5 steps down
rule `you` 2 steps to the right and 5 steps down
wall 5 steps to the right and 5 steps down",0,False
55,right,,"Active rules:
baba is you

Objects on the map:
rule `wall` 1 step to the left and 1 step up
wall 4 steps to the right and 1 step up
rule `is` 8 steps to the right and 1 step up
rule `win` 9 steps to the right and 1 step up
rule `is` 1 step to the right
rule `stop` 2 steps to the right
wall 4 steps to the right
wall 4 steps to the right and 1 step down
door 8 steps to the right and 1 step down
wall 4 steps to the right and 2 steps down
ball 7 steps to the right and 2 steps down
wall 4 steps to the right and 3 steps down
rule `key` 7 steps to the right and 3 steps down
rule `door` 9 steps to the right and 3 steps down
wall 4 steps to the right and 4 steps down
rule `baba` 1 step to the left and 5 steps down
rule `is` 5 steps down
rule `you` 1 step to the right and 5 steps down
wall 4 steps to the right and 5 steps down",0,False
56,left,,"Active rules:
baba is you

Objects on the map:
rule `wall` 1 step up
wall 5 steps to the right and 1 step up
rule `is` 9 steps to the right and 1 step up
rule `win` 10 steps to the right and 1 step up
rule `is` 2 steps to the right
rule `stop` 3 steps to the right
wall 5 steps to the right
wall 5 steps to the right and 1 step down
door 9 steps to the right and 1 step down
wall 5 steps to the right and 2 steps down
ball 8 steps to the right and 2 steps down
wall 5 steps to the right and 3 steps down
rule `key` 8 steps to the right and 3 steps down
rule `door` 10 steps to the right and 3 steps down
wall 5 steps to the right and 4 steps down
rule `baba` 5 steps down
rule `is` 1 step to the right and 5 steps down
rule `you` 2 steps to the right and 5 steps down
wall 5 steps to the right and 5 steps down",0,False
57,up,,"Active rules:
baba is you

Objects on the map:
rule `wall` 1 step up
wall 5 steps to the right and 1 step up
rule `is` 9 steps to the right and 1 step up
rule `win` 10 steps to the right and 1 step up
rule `is` 2 steps to the right
rule `stop` 3 steps to the right
wall 5 steps to the right
wall 5 steps to the right and 1 step down
door 9 steps to the right and 1 step down
wall 5 steps to the right and 2 steps down
ball 8 steps to the right and 2 steps down
wall 5 steps to the right and 3 steps down
rule `key` 8 steps to the right and 3 steps down
rule `door` 10 steps to the right and 3 steps down
wall 5 steps to the right and 4 steps down
rule `baba` 5 steps down
rule `is` 1 step to the right and 5 steps down
rule `you` 2 steps to the right and 5 steps down
wall 5 steps to the right and 5 steps down",0,False
58,right,,"Active rules:
baba is you

Objects on the map:
rule `wall` 1 step to the left and 1 step up
wall 4 steps to the right and 1 step up
rule `is` 8 steps to the right and 1 step up
rule `win` 9 steps to the right and 1 step up
rule `is` 1 step to the right
rule `stop` 2 steps to the right
wall 4 steps to the right
wall 4 steps to the right and 1 step down
door 8 steps to the right and 1 step down
wall 4 steps to the right and 2 steps down
ball 7 steps to the right and 2 steps down
wall 4 steps to the right and 3 steps down
rule `key` 7 steps to the right and 3 steps down
rule `door` 9 steps to the right and 3 steps down
wall 4 steps to the right and 4 steps down
rule `baba` 1 step to the left and 5 steps down
rule `is` 5 steps down
rule `you` 1 step to the right and 5 steps down
wall 4 steps to the right and 5 steps down",0,False
59,left,,"Active rules:
baba is you

Objects on the map:
rule `wall` 1 step up
wall 5 steps to the right and 1 step up
rule `is` 9 steps to the right and 1 step up
rule `win` 10 steps to the right and 1 step up
rule `is` 2 steps to the right
rule `stop` 3 steps to the right
wall 5 steps to the right
wall 5 steps to the right and 1 step down
door 9 steps to the right and 1 step down
wall 5 steps to the right and 2 steps down
ball 8 steps to the right and 2 steps down
wall 5 steps to the right and 3 steps down
rule `key` 8 steps to the right and 3 steps down
rule `door` 10 steps to the right and 3 steps down
wall 5 steps to the right and 4 steps down
rule `baba` 5 steps down
rule `is` 1 step to the right and 5 steps down
rule `you` 2 steps to the right and 5 steps down
wall 5 steps to the right and 5 steps down",0,False
60,up,,"Active rules:
baba is you

Objects on the map:
rule `wall` 1 step up
wall 5 steps to the right and 1 step up
rule `is` 9 steps to the right and 1 step up
rule `win` 10 steps to the right and 1 step up
rule `is` 2 steps to the right
rule `stop` 3 steps to the right
wall 5 steps to the right
wall 5 steps to the right and 1 step down
door 9 steps to the right and 1 step down
wall 5 steps to the right and 2 steps down
ball 8 steps to the right and 2 steps down
wall 5 steps to the right and 3 steps down
rule `key` 8 steps to the right and 3 steps down
rule `door` 10 steps to the right and 3 steps down
wall 5 steps to the right and 4 steps down
rule `baba` 5 steps down
rule `is` 1 step to the right and 5 steps down
rule `you` 2 steps to the right and 5 steps down
wall 5 steps to the right and 5 steps down",0,False
61,down,,"Active rules:
baba is you

Objects on the map:
rule `wall` 2 step up
wall 5 steps to the right and 2 step up
rule `is` 9 steps to the right and 2 step up
rule `win` 10 steps to the right and 2 step up
rule `is` 2 steps to the right and 1 step up
rule `stop` 3 steps to the right and 1 step up
wall 5 steps to the right and 1 step up
wall 5 steps to the right
door 9 steps to the right
wall 5 steps to the right and 1 step down
ball 8 steps to the right and 1 step down
wall 5 steps to the right and 2 steps down
rule `key` 8 steps to the right and 2 steps down
rule `door` 10 steps to the right and 2 steps down
wall 5 steps to the right and 3 steps down
rule `baba` 4 steps down
rule `is` 1 step to the right and 4 steps down
rule `you` 2 steps to the right and 4 steps down
wall 5 steps to the right and 4 steps down",0,False
62,down,,"Active rules:
baba is you

Objects on the map:
rule `wall` 3 step up
wall 5 steps to the right and 3 step up
rule `is` 9 steps to the right and 3 step up
rule `win` 10 steps to the right and 3 step up
rule `is` 2 steps to the right and 2 step up
rule `stop` 3 steps to the right and 2 step up
wall 5 steps to the right and 2 step up
wall 5 steps to the right and 1 step up
door 9 steps to the right and 1 step up
wall 5 steps to the right
ball 8 steps to the right
wall 5 steps to the right and 1 step down
rule `key` 8 steps to the right and 1 step down
rule `door` 10 steps to the right and 1 step down
wall 5 steps to the right and 2 steps down
rule `baba` 3 steps down
rule `is` 1 step to the right and 3 steps down
rule `you` 2 steps to the right and 3 steps down
wall 5 steps to the right and 3 steps down",0,False
63,down,,"Active rules:
baba is you

Objects on the map:
rule `wall` 4 step up
wall 5 steps to the right and 4 step up
rule `is` 9 steps to the right and 4 step up
rule `win` 10 steps to the right and 4 step up
rule `is` 2 steps to the right and 3 step up
rule `stop` 3 steps to the right and 3 step up
wall 5 steps to the right and 3 step up
wall 5 steps to the right and 2 step up
door 9 steps to the right and 2 step up
wall 5 steps to the right and 1 step up
ball 8 steps to the right and 1 step up
wall 5 steps to the right
rule `key` 8 steps to the right
rule `door` 10 steps to the right
wall 5 steps to the right and 1 step down
rule `baba` 2 steps down
rule `is` 1 step to the right and 2 steps down
rule `you` 2 steps to the right and 2 steps down
wall 5 steps to the right and 2 steps down",0,False
64,down,,"Active rules:
baba is you

Objects on the map:
rule `wall` 5 step up
wall 5 steps to the right and 5 step up
rule `is` 9 steps to the right and 5 step up
rule `win` 10 steps to the right and 5 step up
rule `is` 2 steps to the right and 4 step up
rule `stop` 3 steps to the right and 4 step up
wall 5 steps to the right and 4 step up
wall 5 steps to the right and 3 step up
door 9 steps to the right and 3 step up
wall 5 steps to the right and 2 step up
ball 8 steps to the right and 2 step up
wall 5 steps to the right and 1 step up
rule `key` 8 steps to the right and 1 step up
rule `door` 10 steps to the right and 1 step up
wall 5 steps to the right
rule `baba` 1 step down
rule `is` 1 step to the right and 1 step down
rule `you` 2 steps to the right and 1 step down
wall 5 steps to the right and 1 step down",0,False
65,down,,"Active rules:
baba is you

Objects on the map:
rule `wall` 5 step up
wall 5 steps to the right and 5 step up
rule `is` 9 steps to the right and 5 step up
rule `win` 10 steps to the right and 5 step up
rule `is` 2 steps to the right and 4 step up
rule `stop` 3 steps to the right and 4 step up
wall 5 steps to the right and 4 step up
wall 5 steps to the right and 3 step up
door 9 steps to the right and 3 step up
wall 5 steps to the right and 2 step up
ball 8 steps to the right and 2 step up
wall 5 steps to the right and 1 step up
rule `key` 8 steps to the right and 1 step up
rule `door` 10 steps to the right and 1 step up
wall 5 steps to the right
rule `baba` 1 step down
rule `is` 1 step to the right and 1 step down
rule `you` 2 steps to the right and 1 step down
wall 5 steps to the right and 1 step down",0,False
66,down,,"Active rules:
baba is you

Objects on the map:
rule `wall` 5 step up
wall 5 steps to the right and 5 step up
rule `is` 9 steps to the right and 5 step up
rule `win` 10 steps to the right and 5 step up
rule `is` 2 steps to the right and 4 step up
rule `stop` 3 steps to the right and 4 step up
wall 5 steps to the right and 4 step up
wall 5 steps to the right and 3 step up
door 9 steps to the right and 3 step up
wall 5 steps to the right and 2 step up
ball 8 steps to the right and 2 step up
wall 5 steps to the right and 1 step up
rule `key` 8 steps to the right and 1 step up
rule `door` 10 steps to the right and 1 step up
wall 5 steps to the right
rule `baba` 1 step down
rule `is` 1 step to the right and 1 step down
rule `you` 2 steps to the right and 1 step down
wall 5 steps to the right and 1 step down",0,False
67,down,,"Active rules:
baba is you

Objects on the map:
rule `wall` 5 step up
wall 5 steps to the right and 5 step up
rule `is` 9 steps to the right and 5 step up
rule `win` 10 steps to the right and 5 step up
rule `is` 2 steps to the right and 4 step up
rule `stop` 3 steps to the right and 4 step up
wall 5 steps to the right and 4 step up
wall 5 steps to the right and 3 step up
door 9 steps to the right and 3 step up
wall 5 steps to the right and 2 step up
ball 8 steps to the right and 2 step up
wall 5 steps to the right and 1 step up
rule `key` 8 steps to the right and 1 step up
rule `door` 10 steps to the right and 1 step up
wall 5 steps to the right
rule `baba` 1 step down
rule `is` 1 step to the right and 1 step down
rule `you` 2 steps to the right and 1 step down
wall 5 steps to the right and 1 step down",0,False
68,left,,"Active rules:
baba is you

Objects on the map:
rule `wall` 5 step up
wall 5 steps to the right and 5 step up
rule `is` 9 steps to the right and 5 step up
rule `win` 10 steps to the right and 5 step up
rule `is` 2 steps to the right and 4 step up
rule `stop` 3 steps to the right and 4 step up
wall 5 steps to the right and 4 step up
wall 5 steps to the right and 3 step up
door 9 steps to the right and 3 step up
wall 5 steps to the right and 2 step up
ball 8 steps to the right and 2 step up
wall 5 steps to the right and 1 step up
rule `key` 8 steps to the right and 1 step up
rule `door` 10 steps to the right and 1 step up
wall 5 steps to the right
rule `baba` 1 step down
rule `is` 1 step to the right and 1 step down
rule `you` 2 steps to the right and 1 step down
wall 5 steps to the right and 1 step down",0,False
69,right,,"Active rules:
baba is you

Objects on the map:
rule `wall` 1 step to the left and 5 step up
wall 4 steps to the right and 5 step up
rule `is` 8 steps to the right and 5 step up
rule `win` 9 steps to the right and 5 step up
rule `is` 1 step to the right and 4 step up
rule `stop` 2 steps to the right and 4 step up
wall 4 steps to the right and 4 step up
wall 4 steps to the right and 3 step up
door 8 steps to the right and 3 step up
wall 4 steps to the right and 2 step up
ball 7 steps to the right and 2 step up
wall 4 steps to the right and 1 step up
rule `key` 7 steps to the right and 1 step up
rule `door` 9 steps to the right and 1 step up
wall 4 steps to the right
rule `baba` 1 step to the left and 1 step down
rule `is` 1 step down
rule `you` 1 step to the right and 1 step down
wall 4 steps to the right and 1 step down",0,False
70,down,,"Active rules:
baba is you

Objects on the map:
rule `wall` 1 step to the left and 5 step up
wall 4 steps to the right and 5 step up
rule `is` 8 steps to the right and 5 step up
rule `win` 9 steps to the right and 5 step up
rule `is` 1 step to the right and 4 step up
rule `stop` 2 steps to the right and 4 step up
wall 4 steps to the right and 4 step up
wall 4 steps to the right and 3 step up
door 8 steps to the right and 3 step up
wall 4 steps to the right and 2 step up
ball 7 steps to the right and 2 step up
wall 4 steps to the right and 1 step up
rule `key` 7 steps to the right and 1 step up
rule `door` 9 steps to the right and 1 step up
wall 4 steps to the right
rule `baba` 1 step to the left and 1 step down
rule `is` 1 step down
rule `you` 1 step to the right and 1 step down
wall 4 steps to the right and 1 step down",0,False
71,down,,"Active rules:
baba is you

Objects on the map:
rule `wall` 1 step to the left and 5 step up
wall 4 steps to the right and 5 step up
rule `is` 8 steps to the right and 5 step up
rule `win` 9 steps to the right and 5 step up
rule `is` 1 step to the right and 4 step up
rule `stop` 2 steps to the right and 4 step up
wall 4 steps to the right and 4 step up
wall 4 steps to the right and 3 step up
door 8 steps to the right and 3 step up
wall 4 steps to the right and 2 step up
ball 7 steps to the right and 2 step up
wall 4 steps to the right and 1 step up
rule `key` 7 steps to the right and 1 step up
rule `door` 9 steps to the right and 1 step up
wall 4 steps to the right
rule `baba` 1 step to the left and 1 step down
rule `is` 1 step down
rule `you` 1 step to the right and 1 step down
wall 4 steps to the right and 1 step down",0,False
72,down,,"Active rules:
baba is you

Objects on the map:
rule `wall` 1 step to the left and 5 step up
wall 4 steps to the right and 5 step up
rule `is` 8 steps to the right and 5 step up
rule `win` 9 steps to the right and 5 step up
rule `is` 1 step to the right and 4 step up
rule `stop` 2 steps to the right and 4 step up
wall 4 steps to the right and 4 step up
wall 4 steps to the right and 3 step up
door 8 steps to the right and 3 step up
wall 4 steps to the right and 2 step up
ball 7 steps to the right and 2 step up
wall 4 steps to the right and 1 step up
rule `key` 7 steps to the right and 1 step up
rule `door` 9 steps to the right and 1 step up
wall 4 steps to the right
rule `baba` 1 step to the left and 1 step down
rule `is` 1 step down
rule `you` 1 step to the right and 1 step down
wall 4 steps to the right and 1 step down",0,False
73,left,,"Active rules:
baba is you

Objects on the map:
rule `wall` 5 step up
wall 5 steps to the right and 5 step up
rule `is` 9 steps to the right and 5 step up
rule `win` 10 steps to the right and 5 step up
rule `is` 2 steps to the right and 4 step up
rule `stop` 3 steps to the right and 4 step up
wall 5 steps to the right and 4 step up
wall 5 steps to the right and 3 step up
door 9 steps to the right and 3 step up
wall 5 steps to the right and 2 step up
ball 8 steps to the right and 2 step up
wall 5 steps to the right and 1 step up
rule `key` 8 steps to the right and 1 step up
rule `door` 10 steps to the right and 1 step up
wall 5 steps to the right
rule `baba` 1 step down
rule `is` 1 step to the right and 1 step down
rule `you` 2 steps to the right and 1 step down
wall 5 steps to the right and 1 step down",0,False
74,right,,"Active rules:
baba is you

Objects on the map:
rule `wall` 1 step to the left and 5 step up
wall 4 steps to the right and 5 step up
rule `is` 8 steps to the right and 5 step up
rule `win` 9 steps to the right and 5 step up
rule `is` 1 step to the right and 4 step up
rule `stop` 2 steps to the right and 4 step up
wall 4 steps to the right and 4 step up
wall 4 steps to the right and 3 step up
door 8 steps to the right and 3 step up
wall 4 steps to the right and 2 step up
ball 7 steps to the right and 2 step up
wall 4 steps to the right and 1 step up
rule `key` 7 steps to the right and 1 step up
rule `door` 9 steps to the right and 1 step up
wall 4 steps to the right
rule `baba` 1 step to the left and 1 step down
rule `is` 1 step down
rule `you` 1 step to the right and 1 step down
wall 4 steps to the right and 1 step down",0,False
75,right,,"Active rules:
baba is you

Objects on the map:
rule `wall` 2 step to the left and 5 step up
wall 3 steps to the right and 5 step up
rule `is` 7 steps to the right and 5 step up
rule `win` 8 steps to the right and 5 step up
rule `is` 4 step up
rule `stop` 1 step to the right and 4 step up
wall 3 steps to the right and 4 step up
wall 3 steps to the right and 3 step up
door 7 steps to the right and 3 step up
wall 3 steps to the right and 2 step up
ball 6 steps to the right and 2 step up
wall 3 steps to the right and 1 step up
rule `key` 6 steps to the right and 1 step up
rule `door` 8 steps to the right and 1 step up
wall 3 steps to the right
rule `baba` 2 step to the left and 1 step down
rule `is` 1 step to the left and 1 step down
rule `you` 1 step down
wall 3 steps to the right and 1 step down",0,False
76,up,,"Active rules:
baba is you

Objects on the map:
rule `wall` 2 step to the left and 4 step up
wall 3 steps to the right and 4 step up
rule `is` 7 steps to the right and 4 step up
rule `win` 8 steps to the right and 4 step up
rule `is` 3 step up
rule `stop` 1 step to the right and 3 step up
wall 3 steps to the right and 3 step up
wall 3 steps to the right and 2 step up
door 7 steps to the right and 2 step up
wall 3 steps to the right and 1 step up
ball 6 steps to the right and 1 step up
wall 3 steps to the right
rule `key` 6 steps to the right
rule `door` 8 steps to the right
wall 3 steps to the right and 1 step down
rule `baba` 2 step to the left and 2 steps down
rule `is` 1 step to the left and 2 steps down
rule `you` 2 steps down
wall 3 steps to the right and 2 steps down",0,False
77,up,,"Active rules:
baba is you

Objects on the map:
rule `wall` 2 step to the left and 3 step up
wall 3 steps to the right and 3 step up
rule `is` 7 steps to the right and 3 step up
rule `win` 8 steps to the right and 3 step up
rule `is` 2 step up
rule `stop` 1 step to the right and 2 step up
wall 3 steps to the right and 2 step up
wall 3 steps to the right and 1 step up
door 7 steps to the right and 1 step up
wall 3 steps to the right
ball 6 steps to the right
wall 3 steps to the right and 1 step down
rule `key` 6 steps to the right and 1 step down
rule `door` 8 steps to the right and 1 step down
wall 3 steps to the right and 2 steps down
rule `baba` 2 step to the left and 3 steps down
rule `is` 1 step to the left and 3 steps down
rule `you` 3 steps down
wall 3 steps to the right and 3 steps down",0,False
78,up,,"Active rules:
baba is you

Objects on the map:
rule `wall` 2 step to the left and 2 step up
wall 3 steps to the right and 2 step up
rule `is` 7 steps to the right and 2 step up
rule `win` 8 steps to the right and 2 step up
rule `is` 1 step up
rule `stop` 1 step to the right and 1 step up
wall 3 steps to the right and 1 step up
wall 3 steps to the right
door 7 steps to the right
wall 3 steps to the right and 1 step down
ball 6 steps to the right and 1 step down
wall 3 steps to the right and 2 steps down
rule `key` 6 steps to the right and 2 steps down
rule `door` 8 steps to the right and 2 steps down
wall 3 steps to the right and 3 steps down
rule `baba` 2 step to the left and 4 steps down
rule `is` 1 step to the left and 4 steps down
rule `you` 4 steps down
wall 3 steps to the right and 4 steps down",0,False
79,up,,"Active rules:
baba is you

Objects on the map:
rule `wall` 2 step to the left and 1 step up
rule `is` 1 step up
wall 3 steps to the right and 1 step up
rule `is` 7 steps to the right and 1 step up
rule `win` 8 steps to the right and 1 step up
rule `stop` 1 step to the right
wall 3 steps to the right
wall 3 steps to the right and 1 step down
door 7 steps to the right and 1 step down
wall 3 steps to the right and 2 steps down
ball 6 steps to the right and 2 steps down
wall 3 steps to the right and 3 steps down
rule `key` 6 steps to the right and 3 steps down
rule `door` 8 steps to the right and 3 steps down
wall 3 steps to the right and 4 steps down
rule `baba` 2 step to the left and 5 steps down
rule `is` 1 step to the left and 5 steps down
rule `you` 5 steps down
wall 3 steps to the right and 5 steps down",0,False
80,up,,"Active rules:
baba is you

Objects on the map:
rule `wall` 2 step to the left and 1 step up
rule `is` 1 step up
wall 3 steps to the right and 1 step up
rule `is` 7 steps to the right and 1 step up
rule `win` 8 steps to the right and 1 step up
rule `stop` 1 step to the right
wall 3 steps to the right
wall 3 steps to the right and 1 step down
door 7 steps to the right and 1 step down
wall 3 steps to the right and 2 steps down
ball 6 steps to the right and 2 steps down
wall 3 steps to the right and 3 steps down
rule `key` 6 steps to the right and 3 steps down
rule `door` 8 steps to the right and 3 steps down
wall 3 steps to the right and 4 steps down
rule `baba` 2 step to the left and 5 steps down
rule `is` 1 step to the left and 5 steps down
rule `you` 5 steps down
wall 3 steps to the right and 5 steps down",0,False
81,up,,"Active rules:
baba is you

Objects on the map:
rule `wall` 2 step to the left and 1 step up
rule `is` 1 step up
wall 3 steps to the right and 1 step up
rule `is` 7 steps to the right and 1 step up
rule `win` 8 steps to the right and 1 step up
rule `stop` 1 step to the right
wall 3 steps to the right
wall 3 steps to the right and 1 step down
door 7 steps to the right and 1 step down
wall 3 steps to the right and 2 steps down
ball 6 steps to the right and 2 steps down
wall 3 steps to the right and 3 steps down
rule `key` 6 steps to the right and 3 steps down
rule `door` 8 steps to the right and 3 steps down
wall 3 steps to the right and 4 steps down
rule `baba` 2 step to the left and 5 steps down
rule `is` 1 step to the left and 5 steps down
rule `you` 5 steps down
wall 3 steps to the right and 5 steps down",0,False
82,up,,"Active rules:
baba is you

Objects on the map:
rule `wall` 2 step to the left and 1 step up
rule `is` 1 step up
wall 3 steps to the right and 1 step up
rule `is` 7 steps to the right and 1 step up
rule `win` 8 steps to the right and 1 step up
rule `stop` 1 step to the right
wall 3 steps to the right
wall 3 steps to the right and 1 step down
door 7 steps to the right and 1 step down
wall 3 steps to the right and 2 steps down
ball 6 steps to the right and 2 steps down
wall 3 steps to the right and 3 steps down
rule `key` 6 steps to the right and 3 steps down
rule `door` 8 steps to the right and 3 steps down
wall 3 steps to the right and 4 steps down
rule `baba` 2 step to the left and 5 steps down
rule `is` 1 step to the left and 5 steps down
rule `you` 5 steps down
wall 3 steps to the right and 5 steps down",0,False
83,up,,"Active rules:
baba is you

Objects on the map:
rule `wall` 2 step to the left and 1 step up
rule `is` 1 step up
wall 3 steps to the right and 1 step up
rule `is` 7 steps to the right and 1 step up
rule `win` 8 steps to the right and 1 step up
rule `stop` 1 step to the right
wall 3 steps to the right
wall 3 steps to the right and 1 step down
door 7 steps to the right and 1 step down
wall 3 steps to the right and 2 steps down
ball 6 steps to the right and 2 steps down
wall 3 steps to the right and 3 steps down
rule `key` 6 steps to the right and 3 steps down
rule `door` 8 steps to the right and 3 steps down
wall 3 steps to the right and 4 steps down
rule `baba` 2 step to the left and 5 steps down
rule `is` 1 step to the left and 5 steps down
rule `you` 5 steps down
wall 3 steps to the right and 5 steps down",0,False
84,up,,"Active rules:
baba is you

Objects on the map:
rule `wall` 2 step to the left and 1 step up
rule `is` 1 step up
wall 3 steps to the right and 1 step up
rule `is` 7 steps to the right and 1 step up
rule `win` 8 steps to the right and 1 step up
rule `stop` 1 step to the right
wall 3 steps to the right
wall 3 steps to the right and 1 step down
door 7 steps to the right and 1 step down
wall 3 steps to the right and 2 steps down
ball 6 steps to the right and 2 steps down
wall 3 steps to the right and 3 steps down
rule `key` 6 steps to the right and 3 steps down
rule `door` 8 steps to the right and 3 steps down
wall 3 steps to the right and 4 steps down
rule `baba` 2 step to the left and 5 steps down
rule `is` 1 step to the left and 5 steps down
rule `you` 5 steps down
wall 3 steps to the right and 5 steps down",0,False
85,up,,"Active rules:
baba is you

Objects on the map:
rule `wall` 2 step to the left and 1 step up
rule `is` 1 step up
wall 3 steps to the right and 1 step up
rule `is` 7 steps to the right and 1 step up
rule `win` 8 steps to the right and 1 step up
rule `stop` 1 step to the right
wall 3 steps to the right
wall 3 steps to the right and 1 step down
door 7 steps to the right and 1 step down
wall 3 steps to the right and 2 steps down
ball 6 steps to the right and 2 steps down
wall 3 steps to the right and 3 steps down
rule `key` 6 steps to the right and 3 steps down
rule `door` 8 steps to the right and 3 steps down
wall 3 steps to the right and 4 steps down
rule `baba` 2 step to the left and 5 steps down
rule `is` 1 step to the left and 5 steps down
rule `you` 5 steps down
wall 3 steps to the right and 5 steps down",0,False
86,up,,"Active rules:
baba is you

Objects on the map:
rule `wall` 2 step to the left and 1 step up
rule `is` 1 step up
wall 3 steps to the right and 1 step up
rule `is` 7 steps to the right and 1 step up
rule `win` 8 steps to the right and 1 step up
rule `stop` 1 step to the right
wall 3 steps to the right
wall 3 steps to the right and 1 step down
door 7 steps to the right and 1 step down
wall 3 steps to the right and 2 steps down
ball 6 steps to the right and 2 steps down
wall 3 steps to the right and 3 steps down
rule `key` 6 steps to the right and 3 steps down
rule `door` 8 steps to the right and 3 steps down
wall 3 steps to the right and 4 steps down
rule `baba` 2 step to the left and 5 steps down
rule `is` 1 step to the left and 5 steps down
rule `you` 5 steps down
wall 3 steps to the right and 5 steps down",0,False
87,right,,"Active rules:
baba is you

Objects on the map:
rule `wall` 3 step to the left and 1 step up
rule `is` 1 step to the left and 1 step up
wall 2 steps to the right and 1 step up
rule `is` 6 steps to the right and 1 step up
rule `win` 7 steps to the right and 1 step up
rule `stop` 1 step to the right
wall 2 steps to the right
wall 2 steps to the right and 1 step down
door 6 steps to the right and 1 step down
wall 2 steps to the right and 2 steps down
ball 5 steps to the right and 2 steps down
wall 2 steps to the right and 3 steps down
rule `key` 5 steps to the right and 3 steps down
rule `door` 7 steps to the right and 3 steps down
wall 2 steps to the right and 4 steps down
rule `baba` 3 step to the left and 5 steps down
rule `is` 2 step to the left and 5 steps down
rule `you` 1 step to the left and 5 steps down
wall 2 steps to the right and 5 steps down",0,False
88,right,,"Active rules:
baba is you

Objects on the map:
rule `wall` 4 step to the left and 1 step up
rule `is` 2 step to the left and 1 step up
wall 1 step to the right and 1 step up
rule `is` 5 steps to the right and 1 step up
rule `win` 6 steps to the right and 1 step up
rule `stop` 1 step to the right
wall 1 step to the right and 1 step down
door 5 steps to the right and 1 step down
wall 1 step to the right and 2 steps down
ball 4 steps to the right and 2 steps down
wall 1 step to the right and 3 steps down
rule `key` 4 steps to the right and 3 steps down
rule `door` 6 steps to the right and 3 steps down
wall 1 step to the right and 4 steps down
rule `baba` 4 step to the left and 5 steps down
rule `is` 3 step to the left and 5 steps down
rule `you` 2 step to the left and 5 steps down
wall 1 step to the right and 5 steps down",0,False
89,right,,"Active rules:
baba is you

Objects on the map:
rule `wall` 5 step to the left and 1 step up
rule `is` 3 step to the left and 1 step up
wall 1 step up
rule `is` 4 steps to the right and 1 step up
rule `win` 5 steps to the right and 1 step up
rule `stop` 1 step to the right
wall 1 step down
door 4 steps to the right and 1 step down
wall 2 steps down
ball 3 steps to the right and 2 steps down
wall 3 steps down
rule `key` 3 steps to the right and 3 steps down
rule `door` 5 steps to the right and 3 steps down
wall 4 steps down
rule `baba` 5 step to the left and 5 steps down
rule `is` 4 step to the left and 5 steps down
rule `you` 3 step to the left and 5 steps down
wall 5 steps down",0,False
90,right,,"Active rules:
baba is you

Objects on the map:
rule `wall` 6 step to the left and 1 step up
rule `is` 4 step to the left and 1 step up
wall 1 step to the left and 1 step up
rule `is` 3 steps to the right and 1 step up
rule `win` 4 steps to the right and 1 step up
wall 1 step to the left
rule `stop` 1 step to the right
wall 1 step to the left and 1 step down
door 3 steps to the right and 1 step down
wall 1 step to the left and 2 steps down
ball 2 steps to the right and 2 steps down
wall 1 step to the left and 3 steps down
rule `key` 2 steps to the right and 3 steps down
rule `door` 4 steps to the right and 3 steps down
wall 1 step to the left and 4 steps down
rule `baba` 6 step to the left and 5 steps down
rule `is` 5 step to the left and 5 steps down
rule `you` 4 step to the left and 5 steps down
wall 1 step to the left and 5 steps down",0,False
91,right,,"Active rules:
baba is you

Objects on the map:
rule `wall` 7 step to the left and 1 step up
rule `is` 5 step to the left and 1 step up
wall 2 step to the left and 1 step up
rule `is` 2 steps to the right and 1 step up
rule `win` 3 steps to the right and 1 step up
wall 2 step to the left
rule `stop` 1 step to the right
wall 2 step to the left and 1 step down
door 2 steps to the right and 1 step down
wall 2 step to the left and 2 steps down
ball 1 step to the right and 2 steps down
wall 2 step to the left and 3 steps down
rule `key` 1 step to the right and 3 steps down
rule `door` 3 steps to the right and 3 steps down
wall 2 step to the left and 4 steps down
rule `baba` 7 step to the left and 5 steps down
rule `is` 6 step to the left and 5 steps down
rule `you` 5 step to the left and 5 steps down
wall 2 step to the left and 5 steps down",0,False
92,right,,"Active rules:
baba is you

Objects on the map:
rule `wall` 8 step to the left and 1 step up
rule `is` 6 step to the left and 1 step up
wall 3 step to the left and 1 step up
rule `is` 1 step to the right and 1 step up
rule `win` 2 steps to the right and 1 step up
wall 3 step to the left
rule `stop` 1 step to the right
wall 3 step to the left and 1 step down
door 1 step to the right and 1 step down
wall 3 step to the left and 2 steps down
ball 2 steps down
wall 3 step to the left and 3 steps down
rule `key` 3 steps down
rule `door` 2 steps to the right and 3 steps down
wall 3 step to the left and 4 steps down
rule `baba` 8 step to the left and 5 steps down
rule `is` 7 step to the left and 5 steps down
rule `you` 6 step to the left and 5 steps down
wall 3 step to the left and 5 steps down",0,False
93,right,,"Active rules:
baba is you

Objects on the map:
rule `wall` 9 step to the left and 1 step up
rule `is` 7 step to the left and 1 step up
wall 4 step to the left and 1 step up
rule `is` 1 step up
rule `win` 1 step to the right and 1 step up
wall 4 step to the left
rule `stop` 1 step to the right
wall 4 step to the left and 1 step down
door 1 step down
wall 4 step to the left and 2 steps down
ball 1 step to the left and 2 steps down
wall 4 step to the left and 3 steps down
rule `key` 1 step to the left and 3 steps down
rule `door` 1 step to the right and 3 steps down
wall 4 step to the left and 4 steps down
rule `baba` 9 step to the left and 5 steps down
rule `is` 8 step to the left and 5 steps down
rule `you` 7 step to the left and 5 steps down
wall 4 step to the left and 5 steps down",0,False
94,right,,"Active rules:
baba is you

Objects on the map:
rule `wall` 9 step to the left and 1 step up
rule `is` 7 step to the left and 1 step up
wall 4 step to the left and 1 step up
rule `is` 1 step up
rule `win` 1 step to the right and 1 step up
wall 4 step to the left
rule `stop` 1 step to the right
wall 4 step to the left and 1 step down
door 1 step down
wall 4 step to the left and 2 steps down
ball 1 step to the left and 2 steps down
wall 4 step to the left and 3 steps down
rule `key` 1 step to the left and 3 steps down
rule `door` 1 step to the right and 3 steps down
wall 4 step to the left and 4 steps down
rule `baba` 9 step to the left and 5 steps down
rule `is` 8 step to the left and 5 steps down
rule `you` 7 step to the left and 5 steps down
wall 4 step to the left and 5 steps down",0,False
95,right,,"Active rules:
baba is you

Objects on the map:
rule `wall` 9 step to the left and 1 step up
rule `is` 7 step to the left and 1 step up
wall 4 step to the left and 1 step up
rule `is` 1 step up
rule `win` 1 step to the right and 1 step up
wall 4 step to the left
rule `stop` 1 step to the right
wall 4 step to the left and 1 step down
door 1 step down
wall 4 step to the left and 2 steps down
ball 1 step to the left and 2 steps down
wall 4 step to the left and 3 steps down
rule `key` 1 step to the left and 3 steps down
rule `door` 1 step to the right and 3 steps down
wall 4 step to the left and 4 steps down
rule `baba` 9 step to the left and 5 steps down
rule `is` 8 step to the left and 5 steps down
rule `you` 7 step to the left and 5 steps down
wall 4 step to the left and 5 steps down",0,False
96,right,,"Active rules:
baba is you

Objects on the map:
rule `wall` 9 step to the left and 1 step up
rule `is` 7 step to the left and 1 step up
wall 4 step to the left and 1 step up
rule `is` 1 step up
rule `win` 1 step to the right and 1 step up
wall 4 step to the left
rule `stop` 1 step to the right
wall 4 step to the left and 1 step down
door 1 step down
wall 4 step to the left and 2 steps down
ball 1 step to the left and 2 steps down
wall 4 step to the left and 3 steps down
rule `key` 1 step to the left and 3 steps down
rule `door` 1 step to the right and 3 steps down
wall 4 step to the left and 4 steps down
rule `baba` 9 step to the left and 5 steps down
rule `is` 8 step to the left and 5 steps down
rule `you` 7 step to the left and 5 steps down
wall 4 step to the left and 5 steps down",0,False
97,right,,"Active rules:
baba is you

Objects on the map:
rule `wall` 9 step to the left and 1 step up
rule `is` 7 step to the left and 1 step up
wall 4 step to the left and 1 step up
rule `is` 1 step up
rule `win` 1 step to the right and 1 step up
wall 4 step to the left
rule `stop` 1 step to the right
wall 4 step to the left and 1 step down
door 1 step down
wall 4 step to the left and 2 steps down
ball 1 step to the left and 2 steps down
wall 4 step to the left and 3 steps down
rule `key` 1 step to the left and 3 steps down
rule `door` 1 step to the right and 3 steps down
wall 4 step to the left and 4 steps down
rule `baba` 9 step to the left and 5 steps down
rule `is` 8 step to the left and 5 steps down
rule `you` 7 step to the left and 5 steps down
wall 4 step to the left and 5 steps down",0,False
98,up,,"Active rules:
baba is you

Objects on the map:
rule `wall` 9 step to the left and 1 step up
rule `is` 7 step to the left and 1 step up
wall 4 step to the left and 1 step up
rule `is` 1 step up
rule `win` 1 step to the right and 1 step up
wall 4 step to the left
rule `stop` 1 step to the right
wall 4 step to the left and 1 step down
door 1 step down
wall 4 step to the left and 2 steps down
ball 1 step to the left and 2 steps down
wall 4 step to the left and 3 steps down
rule `key` 1 step to the left and 3 steps down
rule `door` 1 step to the right and 3 steps down
wall 4 step to the left and 4 steps down
rule `baba` 9 step to the left and 5 steps down
rule `is` 8 step to the left and 5 steps down
rule `you` 7 step to the left and 5 steps down
wall 4 step to the left and 5 steps down",0,False
99,left,,"Active rules:
baba is you

Objects on the map:
rule `wall` 8 step to the left and 1 step up
rule `is` 6 step to the left and 1 step up
wall 3 step to the left and 1 step up
rule `is` 1 step to the right and 1 step up
rule `win` 2 steps to the right and 1 step up
wall 3 step to the left
rule `stop` 2 steps to the right
wall 3 step to the left and 1 step down
door 1 step to the right and 1 step down
wall 3 step to the left and 2 steps down
ball 2 steps down
wall 3 step to the left and 3 steps down
rule `key` 3 steps down
rule `door` 2 steps to the right and 3 steps down
wall 3 step to the left and 4 steps down
rule `baba` 8 step to the left and 5 steps down
rule `is` 7 step to the left and 5 steps down
rule `you` 6 step to the left and 5 steps down
wall 3 step to the left and 5 steps down",0,True
